domain,last_checked,is_active,content_hash,content_changed
absake.website,2025-08-19T17:56:04.364618,False,,False
absai.app,2025-08-19T17:56:05.065440,False,,False
absariza.com,2025-08-19T17:56:06.104579,False,,False
absatech.com,2025-08-19T17:56:09.895175,False,,False
absadigital.website,2025-08-19T17:56:10.437488,False,,False
absacloud.net,2025-08-19T17:56:11.291801,False,,False
absasite.website,2025-08-19T17:56:11.830038,False,,False
absaspace.website,2025-08-19T17:56:12.349029,False,,False
absabinagi.xyz,2025-08-19T17:56:14.509481,True,dfc5785255aee6a6167837469fa590f6,False
absaclientsupport.website,2025-08-19T17:56:15.217040,False,,False
absapremium.website,2025-08-19T17:56:15.921801,False,,False
absatransfer.website,2025-08-19T17:56:17.115657,True,e89f75f918dbdcee28604d4e09dd71d7,False
absacout.shop,2025-08-19T17:56:17.630542,False,,False
absatransfer.online,2025-08-19T17:56:18.783857,True,e89f75f918dbdcee28604d4e09dd71d7,False
absaapp.website,2025-08-19T17:56:19.302651,False,,False
absacontact.website,2025-08-19T17:56:19.829279,False,,False
absabzy.xyz,2025-08-19T17:56:23.310094,False,,False
absautomation.bot,2025-08-19T17:56:24.905826,True,90553c9b09d1d97d9a61d87d2e20b78f,False
absaconnect.website,2025-08-19T17:56:25.437297,False,,False
absahq.website,2025-08-19T17:56:26.159453,False,,False
absautosalvage.net,2025-08-19T17:56:27.149390,False,,False
absacontactsupport.website,2025-08-19T17:56:27.700109,False,,False
absadvisory.xyz,2025-08-19T17:56:29.029965,True,e89f75f918dbdcee28604d4e09dd71d7,False
absadigital1.website,2025-08-19T17:56:29.596057,False,,False
absadigital2.website,2025-08-19T17:56:30.144206,False,,False
absadigital3.website,2025-08-19T17:56:30.680510,False,,False
absadigital4.website,2025-08-19T17:56:31.378335,False,,False
absadigital5.website,2025-08-19T17:56:31.909383,False,,False
absadigital6.website,2025-08-19T17:56:32.427590,False,,False
absaofficial1.website,2025-08-19T17:56:32.997895,False,,False
absaofficial2.website,2025-08-19T17:56:33.597063,False,,False
absaofficial3.website,2025-08-19T17:56:34.136155,False,,False
onlineabsa.website,2025-08-19T17:56:34.790033,False,,False
onlineabsa1.website,2025-08-19T17:56:35.341138,False,,False
absacustomercare.website,2025-08-19T17:56:35.860347,False,,False
absalom.website,2025-08-19T17:56:36.445443,False,,False
absasupport.website,2025-08-19T17:56:36.992698,False,,False
absacustomercare1.website,2025-08-19T17:56:37.518070,False,,False
absacustomercare2.website,2025-08-19T17:56:38.209099,False,,False
absahelp1.website,2025-08-19T17:56:38.742502,False,,False
absahelp3.website,2025-08-19T17:56:39.261438,False,,False
absathe1.website,2025-08-19T17:56:39.822649,False,,False
absathe2.website,2025-08-19T17:56:40.339067,False,,False
absathe3.website,2025-08-19T17:56:40.855403,False,,False
absaaccess.net,2025-08-19T17:56:41.454739,False,,False
absacapital.net,2025-08-19T17:56:41.972029,False,,False
absaafri.website,2025-08-19T17:56:42.492480,False,,False
absaafri2.website,2025-08-19T17:56:43.355557,False,,False
absaafri3.website,2025-08-19T17:56:43.871147,False,,False
absacontactus.website,2025-08-19T17:56:44.387515,False,,False
absacontactus1.website,2025-08-19T17:56:45.039094,False,,False
absacontactus2.website,2025-08-19T17:56:45.559733,False,,False
absacontactus3.website,2025-08-19T17:56:47.340226,True,063b3c8576fa174cdf722786cfc7c4a3,True
absapage1.website,2025-08-19T17:56:48.015573,False,,False
absapage2.website,2025-08-19T17:56:48.601880,False,,False
absapage3.website,2025-08-19T17:56:49.145530,False,,False
absaracikacia.click,2025-08-19T17:56:51.003642,False,,False
absalon.xyz,2025-08-19T17:56:52.165950,True,e89f75f918dbdcee28604d4e09dd71d7,False
absalomandhestercooperfoundation.xyz,2025-08-19T17:56:53.398114,True,e89f75f918dbdcee28604d4e09dd71d7,False
absalomandhestercooperfoundation.net,2025-08-19T17:56:54.818150,True,e89f75f918dbdcee28604d4e09dd71d7,False
absadigital.tech,2025-08-19T17:56:57.333822,True,644059ca53aed6700fa7c059dc8747a5,True
absace.xyz,2025-08-19T17:56:57.875154,False,,False
absabank.click,2025-08-19T17:56:58.391590,False,,False
absa-africa.net,2025-08-19T17:57:05.145279,False,,False
absade.top,2025-08-19T17:57:05.849402,False,,False
absaccounting.net,2025-08-19T17:57:07.147388,True,d02cd8b87bd5fb599223dd11dfdd69ed,True
absa1.website,2025-08-19T17:57:07.668175,False,,False
absa2.website,2025-08-19T17:57:08.193635,False,,False
absaafrica.website,2025-08-19T17:57:08.714634,False,,False
absaafrica1.website,2025-08-19T17:57:09.244535,False,,False
absan.net,2025-08-19T17:57:10.427469,True,e89f75f918dbdcee28604d4e09dd71d7,False
absacheck1.website,2025-08-19T17:57:21.388131,False,,False
absacheck2.website,2025-08-19T17:57:21.913994,False,,False
absacheck3.website,2025-08-19T17:57:22.430595,False,,False
absasite1.website,2025-08-19T17:57:23.012571,True,858f5f1e4a61a614e49cc7c422d7b7f0,False
absat-erp.pro,2025-08-19T17:57:24.576964,False,,False
absale.shop,2025-08-19T17:57:25.095895,False,,False
absaintegral.top,2025-08-19T17:57:32.783603,False,,False
absalomwigger.top,2025-08-19T17:57:35.656120,False,,False
absadvisory.pro,2025-08-19T17:57:36.372744,False,,False
absaicon.com,2025-08-19T17:57:38.604188,True,95f4c415bae8f987b0830558335ab53a,False
absarsuite.xyz,2025-08-19T17:57:39.778427,True,e89f75f918dbdcee28604d4e09dd71d7,False
absarsuite.me,2025-08-19T17:57:41.038978,True,e89f75f918dbdcee28604d4e09dd71d7,False
absalpha.xyz,2025-08-19T17:57:45.199132,True,ffd8639ef74f01c140eb4414a59c3a0d,True
absaorg1.website,2025-08-19T17:57:45.715625,False,,False
absaegsmeaestudiosfluworks.live,2025-08-19T17:57:47.276081,True,99ed71937876e0e5265e708f327bb281,False
absaegsmeaestudiosfluworks.xyz,2025-08-19T17:57:48.833015,True,99ed71937876e0e5265e708f327bb281,False
absamd.xyz,2025-08-19T17:57:49.622735,True,1790a27cd8409ad081cce94b2b627ddc,False
absagivauser.sbs,2025-08-19T17:57:50.812647,False,,False
absaczvf.yachts,2025-08-19T17:58:00.812164,False,,False
absa-co-za.qpon,2025-08-19T17:58:01.328288,False,,False
absa-co-za.cfd,2025-08-19T17:58:01.856711,False,,False
absa-co-zaa.cfd,2025-08-19T17:58:04.961262,False,,False
absaprivate.africa,2025-08-19T17:58:05.498621,False,,False
absaf.net,2025-08-19T17:58:06.751736,True,e89f75f918dbdcee28604d4e09dd71d7,False
absakenya.online,2025-08-19T17:58:07.268772,False,,False
avsa.africa,2025-08-19T17:58:07.870176,True,0db26985de0036c5945504f18f1037be,False
